{"cameraMode":{"drawMode":0,"name":"Shaded","section":"Shading Mode"},"sceneLighting":true,"audioPlay":false,"sceneViewState":{"m_AlwaysRefresh":false,"showFog":true,"showSkybox":true,"showFlares":true,"showImageEffects":true,"showParticleSystems":true,"showVisualEffectGraphs":true,"m_FxEnabled":true},"in2DMode":false,"pivot":{"x":9.346399307250977,"y":1.7482457160949708,"z":-3.833798408508301},"rotation":{"x":-0.20038658380508424,"y":0.46305617690086367,"z":-0.10832949727773667,"w":-0.8565618991851807},"size":3.7926197052001955,"orthographic":false}